decline_rate,n_declined,loss_avoided,good_volume_foregone,bad_declined,good_declined,precision,loss_capture,loss_avoided_random,lift
0.01,893,33943565.91,118402700.0,310,583,0.3471444568868981,0.026354175940311184,12879767.5127,2.6354175940311184
0.02,1786,59202481.33999999,306636300.0,534,1252,0.2989921612541993,0.04596548911432122,25759535.0254,2.2982744557160606
0.03,2679,87433716.43,492425300.0,748,1931,0.2792086599477417,0.06788454554306717,38639302.5381,2.2628181847689057
0.04,3573,116548954.69,727117700.0,958,2615,0.2681220263084243,0.09048995222551785,51519070.0508,2.262248805637946
0.05,4466,144210363.98,925519900.0,1160,3306,0.2597402597402597,0.11196658933307796,64398837.5635,2.239331786661559
0.060000000000000005,5359,181201140.26,1145337200.0,1358,4001,0.25340548609815267,0.14068665453885557,77278605.07620001,2.3447775756475924
0.06999999999999999,6252,204419827.39,1371978600.0,1537,4715,0.24584133077415227,0.15871391093700513,90158372.58889998,2.267341584814359
0.08,7145,230247649.25,1575012300.0,1741,5404,0.243666899930021,0.17876692962273272,103038140.1016,2.234586620284159
0.09,8038,254974948.63,1782153700.0,1915,6123,0.23824334411545162,0.19796548996601362,115917907.6143,2.199616555177929
0.09999999999999999,8931,276313829.40999997,1992446200.0,2099,6832,0.23502407345202106,0.21453324303994056,128797675.12699999,2.1453324303994057
0.11,9824,299836786.29999995,2207482100.0,2264,7560,0.2304560260586319,0.23279673798797074,141677442.6397,2.116333981708825
0.12,10718,326778134.47,2451395900.0,2419,8299,0.2256950923679791,0.25371431133969063,154557210.1524,2.114285927830755
0.13,11611,348313679.5,2680505500.0,2578,9033,0.2220308328309362,0.2704347568048475,167436977.6651,2.0802673600372885
0.14,12504,373715074.61,2865560400.0,2733,9771,0.21857005758157388,0.29015669284519385,180316745.1778,2.072547806037099
0.15000000000000002,13397,397166338.94,3087441700.0,2898,10499,0.21631708591475704,0.30836452486302807,193196512.69050002,2.0557634990868534
0.16,14290,416276261.40999997,3337799500.0,3035,11255,0.21238628411476557,0.323201689005282,206076280.2032,2.020010556283012
0.17,15183,433834242.64,3577090800.0,3177,12006,0.2092471843509188,0.3368339080749873,218956047.7159,1.9813759298528666
0.18000000000000002,16076,451041786.32,3806394100.0,3328,12748,0.20701667081363523,0.3501940433903435,231835815.22860003,1.9455224632796857
0.19,16969,467051431.56,4055697100.0,3467,13502,0.20431374860038895,0.3626241165451685,244715582.7413,1.9085479818166764
0.2,17863,486287669.22999996,4299981400.0,3612,14251,0.2022056765380955,0.37755935326511103,257595350.254,1.887796766325555
0.21000000000000002,18756,499117613.65,4539997000.0,3713,15043,0.19796331840477713,0.3875206700414807,270475117.7667,1.845336524007051
0.22,19649,521484356.85999995,4764023900.0,3837,15812,0.19527711333910122,0.40488646735726724,283354885.2794,1.840393033442124
0.23,20542,536971634.99,4978009900.0,3966,16576,0.19306786096777334,0.41691096866501903,296234652.7921,1.8126563855000828
0.24000000000000002,21435,550370161.84,5210145800.0,4076,17359,0.19015628644739913,0.4273137393957706,309114420.30480003,1.780473914149044
0.25,22328,563916265.0,5443524300.0,4178,18150,0.18711931207452526,0.4378310900751543,321994187.8175,1.7513243603006172
0.26,23221,575069853.3,5694416000.0,4274,18947,0.1840575341285905,0.4464908646316454,334873955.3302,1.717272556275559
0.27,24115,596738685.3900001,5928292100.0,4394,19721,0.18221024258760107,0.4633147957069802,347753722.84290004,1.7159807248406673
0.28,25008,609787939.98,6176093900.0,4487,20521,0.17942258477287268,0.47344638742797424,360633490.3556,1.690879955099908
0.29000000000000004,25901,623881348.1200001,6451493300.0,4578,21323,0.1767499324350411,0.48438867200423186,373513257.8683,1.6703057655318339
0.3,26794,638408682.9499999,6705179900.0,4685,22109,0.1748525789355826,0.49566786226576043,386393025.381,1.652226207552535
0.31,27687,654928885.9399999,6945878800.0,4788,22899,0.1729331455195579,0.5084943383443934,399272792.8937,1.6403043172399785
0.32,28580,674344185.8599999,7165606000.0,4889,23691,0.1710636808957313,0.5235686010598155,412152560.4064,1.6361518783119235
0.33,29473,688052577.11,7401756100.0,4997,24476,0.1695450072948122,0.5342119540834498,425032327.9191,1.6188241032831812
0.34,30366,700130375.18,7651273800.0,5087,25279,0.16752288743989988,0.5435892957614659,437912095.4318,1.5987920463572525
0.35000000000000003,31260,714527014.87,7926389900.0,5178,26082,0.16564299424184262,0.5547670128093896,450791862.9445,1.5850486080268271
0.36000000000000004,32153,725268790.06,8200412000.0,5274,26879,0.16402823997760707,0.56310705091909,463671630.45720005,1.5641862525530275
0.37,33046,736240488.19,8458412700.0,5357,27689,0.16210736549052834,0.5716256038504076,476551397.9699,1.5449340644605611
0.38,33939,746951017.97,8728236900.0,5451,28488,0.16061168567135153,0.5799413826635259,489431165.4826,1.5261615333250684
0.39,34832,759679986.6199999,8973583200.0,5540,29292,0.15904915020670649,0.5898243006878214,502310932.9953,1.5123700017636448
0.4,35725,778036504.31,9202912300.0,5637,30088,0.15778866340097972,0.6040765126721602,515190700.508,1.5101912816804006
0.41000000000000003,36618,794439451.14,9451143300.0,5740,30878,0.15675350920312414,0.616811949716211,528070468.02070004,1.504419389551734
0.42000000000000004,37511,806563225.72,9720431400.0,5817,31694,0.1550745114766335,0.6262249880866982,540950235.5334,1.4910118763969005
0.43,38405,820863362.59,9989245900.0,5913,32492,0.15396432756151543,0.6373277792325007,553830003.0461,1.4821576261220946
0.44,39298,833477003.3199999,10280417300.0,5992,33306,0.1524759529747061,0.6471211553299825,566709770.5588,1.470729898477233
0.45,40191,848518089.8900001,10525123800.0,6082,34109,0.15132741160956434,0.6587992283659818,579589538.0715001,1.4639982852577373
0.46,41084,859670998.48,10802883400.0,6153,34931,0.14976633239217213,0.6674584751877919,592469305.5842,1.4509966851908518
0.47000000000000003,41977,871051230.7499999,11046454500.0,6233,35744,0.1484860757081259,0.6762942187357855,605349073.0969,1.4389238696506077
0.48000000000000004,42870,879416888.9100001,11307868400.0,6304,36566,0.147049218567763,0.6827894121868718,618228840.6096001,1.4224779420559828
0.49,43763,890846283.6700001,11605590600.0,6385,37378,0.14589950414733907,0.691663326058943,631108608.1223,1.411557808283557
0.5,44656,902877741.02,11865195100.0,6467,38189,0.14481816553206736,0.7010046882676446,643988375.635,1.4020093765352892
