Variable,Bin id,Bin,Count,Count (%),Non-event,Event,Event rate,WoE,IV,JS,Coefficient,Points
gross_approval,0,"(-inf, 10050.00)",12578,0.0579471113977702,11402,1176,0.0934965813324853,-0.3539655000066584,0.008468468450371972,0.0010530667586464652,0.061036648164763084,-6.511648129130646
gross_approval,1,"[10050.00, 25050.00)",31362,0.1444853957431125,29015,2347,0.07483578853389453,-0.11096040836592813,0.0018665974160906897,0.00023320505302737785,0.061036648164763084,-6.083680831658863
gross_approval,2,"[25050.00, 150550.00)",84272,0.38824288215240027,78411,5861,0.06954860451870135,-0.031991442997077346,0.00040288815331376984,5.0358871686291204e-05,0.061036648164763084,-5.944605002157251
gross_approval,3,"[150550.00, 299850.00)",26268,0.12101723025891459,24576,1692,0.06441297396071266,0.050223666641616926,0.00029870480922951527,3.7334177388155575e-05,0.061036648164763084,-5.799812240631753
gross_approval,4,"[299850.00, 354950.00)",11738,0.05407721367363862,10992,746,0.06355426818878855,0.06456198511875666,0.00021921027654305236,2.7396526584398e-05,0.061036648164763084,-5.774560377111034
gross_approval,5,"[354950.00, 515550.00)",13113,0.060411867686354,12310,803,0.061236940440783955,0.10417707609212457,0.0006268324337371263,7.831864152325549e-05,0.061036648164763084,-5.7047924421739475
gross_approval,6,"[515550.00, 1507500.00)",26557,0.12234865935685986,25066,1491,0.05614338969010054,0.1964298812671159,0.004338288183334715,0.0005414158704746038,0.061036648164763084,-5.542321839404428
gross_approval,7,"[1507500.00, inf)",11172,0.051469639730949965,10635,537,0.04806659505907626,0.3602722039858599,0.005726477606164924,0.0007119634308703927,0.061036648164763084,-5.253771687668893
gross_approval,8,Special,0,0.0,0,0,0.0,0.0,0.0,0.0,0.061036648164763084,-5.888263419726857
gross_approval,9,Missing,0,0.0,0,0,0.0,0.0,0.0,0.0,0.061036648164763084,-5.888263419726857
initial_rate,0,"(-inf, 4.76)",25895,0.11929881138855616,25087,808,0.031202934929523075,0.8099075750011298,0.05572249172467615,0.006780973097195645,-0.8306715098510113,-25.300219986367665
initial_rate,1,"[4.76, 5.24)",13912,0.06409287754537915,13415,497,0.03572455434157562,0.6699033076234824,0.021677657738707497,0.002660149315085511,-0.8306715098510113,-21.944581835341033
initial_rate,2,"[5.24, 5.50)",21504,0.09906938173776836,20485,1019,0.04738653273809524,0.3752357276186338,0.011881802080977484,0.0014765727085030676,-0.8306715098510113,-14.881955875035253
initial_rate,3,"[5.50, 5.72)",20192,0.09302497005436285,19117,1075,0.05323890649762282,0.2526219008276418,0.005326406026220653,0.0006640359684117565,-0.8306715098510113,-11.943133775324636
initial_rate,4,"[5.72, 5.95)",17455,0.08041555330323413,16440,1015,0.05814952735605844,0.1591933479946701,0.001902901083136217,0.00023761178492742556,-0.8306715098510113,-9.703827630206504
initial_rate,5,"[5.95, 7.00)",66162,0.30480973002856354,60694,5468,0.08264562739941356,-0.21870350160900864,0.016032001962990865,0.0020000158651470173,-0.8306715098510113,-0.6463531015026902
initial_rate,6,"[7.00, 7.89)",24267,0.11179858103750115,22205,2062,0.08497136028351258,-0.2489943259903158,0.0077231398133877725,0.0009629063246900348,-0.8306715098510113,0.07966081095745459
initial_rate,7,"[7.89, 9.07)",13691,0.06307472588224454,12447,1244,0.09086261047403403,-0.32248779343776013,0.007546982495051,0.0009393060657885656,-0.8306715098510113,1.8411605697658953
initial_rate,8,"[9.07, inf)",13982,0.06441536902239012,12517,1465,0.10477757116292376,-0.4804029512627572,0.018321982355396425,0.0022684755203211393,-0.8306715098510113,5.626088973366512
initial_rate,9,Special,0,0.0,0,0,0.0,0.0,0.0,0.0,-0.8306715098510113,-5.888263419726857
initial_rate,10,Missing,0,0.0,0,0,0.0,0.0,0.0,0.0,-0.8306715098510113,-5.888263419726857
guarantee_pct,0,"(-inf, 0.53)",112616,0.5188242882152401,105488,7128,0.06329473609433828,0.06893108306282247,0.0023929053366508334,0.0002990539630429896,-0.4308042458227846,-6.745103181482442
guarantee_pct,1,"[0.53, 0.85)",68105,0.3137611720261679,63918,4187,0.06147859922178988,0.09998109568049607,0.0030040259956371444,0.00037534692704592476,-0.4308042458227846,-7.131066729880313
guarantee_pct,2,"[0.85, inf)",36339,0.1674145397585921,33001,3338,0.09185723327554418,-0.3344693903416007,0.021660371538094938,0.00269499608946454,-0.4308042458227846,-1.73068080240974
guarantee_pct,3,Special,0,0.0,0,0,0.0,0.0,0.0,0.0,-0.4308042458227846,-5.888263419726857
guarantee_pct,4,Missing,0,0.0,0,0,0.0,0.0,0.0,0.0,-0.4308042458227846,-5.888263419726857
log_gross_approval,0,"(-inf, 9.22)",12578,0.0579471113977702,11402,1176,0.0934965813324853,-0.3539655000066584,0.008468468450371972,0.0010530667586464652,0.061036648164763084,-6.511648129130646
log_gross_approval,1,"[9.22, 10.13)",31362,0.1444853957431125,29015,2347,0.07483578853389453,-0.11096040836592813,0.0018665974160906897,0.00023320505302737785,0.061036648164763084,-6.083680831658863
log_gross_approval,2,"[10.13, 11.92)",84272,0.38824288215240027,78411,5861,0.06954860451870135,-0.031991442997077346,0.00040288815331376984,5.0358871686291204e-05,0.061036648164763084,-5.944605002157251
log_gross_approval,3,"[11.92, 12.61)",26268,0.12101723025891459,24576,1692,0.06441297396071266,0.050223666641616926,0.00029870480922951527,3.7334177388155575e-05,0.061036648164763084,-5.799812240631753
log_gross_approval,4,"[12.61, 12.78)",11738,0.05407721367363862,10992,746,0.06355426818878855,0.06456198511875666,0.00021921027654305236,2.7396526584398e-05,0.061036648164763084,-5.774560377111034
log_gross_approval,5,"[12.78, 13.15)",13113,0.060411867686354,12310,803,0.061236940440783955,0.10417707609212457,0.0006268324337371263,7.831864152325549e-05,0.061036648164763084,-5.7047924421739475
log_gross_approval,6,"[13.15, 14.23)",26557,0.12234865935685986,25066,1491,0.05614338969010054,0.1964298812671159,0.004338288183334715,0.0005414158704746038,0.061036648164763084,-5.542321839404428
log_gross_approval,7,"[14.23, inf)",11172,0.051469639730949965,10635,537,0.04806659505907626,0.3602722039858599,0.005726477606164924,0.0007119634308703927,0.061036648164763084,-5.253771687668893
log_gross_approval,8,Special,0,0.0,0,0,0.0,0.0,0.0,0.0,0.061036648164763084,-5.888263419726857
log_gross_approval,9,Missing,0,0.0,0,0,0.0,0.0,0.0,0.0,0.061036648164763084,-5.888263419726857
naics_sector,0,"<ArrowStringArray>
['55', '52', '22', '53', '11']
Length: 5, dtype: str",11793,0.05433059983414724,11325,468,0.03968455863647927,0.5606642252939751,0.013463101153301123,0.0016611864258095,-0.9611086700407052,-21.436454713714028
naics_sector,1,"<ArrowStringArray>
['62']
Length: 1, dtype: str",20470,0.09430572192020639,19494,976,0.047679531021006354,0.3687639893444494,0.010953536055540083,0.0013614863688485518,-0.9611086700407052,-16.11472836967978
naics_sector,2,"<ArrowStringArray>
['54', '33']
Length: 2, dtype: str",31845,0.14671058693448816,29957,1888,0.059287172240540115,0.1386095232610538,0.0026552649542770507,0.00033164267351597915,-0.9611086700407052,-9.732145881999571
naics_sector,3,"<ArrowStringArray>
['32', '31', '56', '51']
Length: 4, dtype: str",21493,0.09901870450566663,20105,1388,0.0645791653096357,0.04746924912501127,0.00021859299055614818,2.732155868113745e-05,-0.9611086700407052,-7.204668021055965
naics_sector,4,"<ArrowStringArray>
['23']
Length: 1, dtype: str",21988,0.10129917995024418,20518,1470,0.06685464798981262,0.010404719735262802,1.0917240386893814e-05,1.3646488927663517e-06,-0.9611086700407052,-6.176804342271657
naics_sector,5,"<ArrowStringArray>
['81', '61', '21', '49']
Length: 4, dtype: str",22783,0.1049617617248687,21215,1568,0.06882324540227362,-0.020727872413540904,4.550255011197046e-05,5.687716943647125e-06,-0.9611086700407052,-5.313443570584331
naics_sector,6,"<ArrowStringArray>
['42', '48']
Length: 2, dtype: str",22838,0.10521514788537731,21094,1744,0.07636395481215517,-0.13282811477197853,0.0019664183090897227,0.0002456217493290781,-0.9611086700407052,-2.204709441208731
naics_sector,7,"<ArrowStringArray>
['44']
Length: 1, dtype: str",22472,0.10352897816271998,20746,1726,0.07680669277322891,-0.139088564791213,0.0021273767556431525,0.0002657079503227554,-0.9611086700407052,-2.0310963050496227
naics_sector,8,"<ArrowStringArray>
['72']
Length: 1, dtype: str",27443,0.12643048005159863,25226,2217,0.08078562839339723,-0.19391515110878643,0.005171716701340232,0.0006454536105652752,-0.9611086700407052,-0.5106599839789112
naics_sector,9,"<ArrowStringArray>
['45', '71', '92']
Length: 3, dtype: str",13934,0.0641942320095826,12727,1207,0.0866226496339888,-0.27004765024509725,0.005264295480508934,0.0006560447046717131,-0.9611086700407052,1.60062624913148
naics_sector,10,Special,0,0.0,0,0,0.0,0.0,0.0,0.0,-0.9611086700407052,-5.888263419726857
naics_sector,11,Missing,1,4.607021100156638e-06,0,1,0.0,0.0,0.0,0.0,-0.9611086700407052,-5.888263419726857
business_age,0,"<ArrowStringArray>
['Existing, 5 or more years']
Length: 1, dtype: str",108665,0.5006219478485211,102756,5909,0.054378134633966776,0.2302452043289045,0.024039454797544366,0.002998311892950769,-0.6466616127320952,-10.184341924580089
business_age,1,"<ArrowStringArray>
['Less than 4 years old but at least 3']
Length: 1, dtype: str",15411,0.07099880217451396,14366,1045,0.06780870806566738,-0.004788010903777451,1.6310253604428337e-06,2.0387797530902992e-07,-0.6466616127320952,-5.798925312621974
business_age,2,"<ArrowStringArray>
['Less than 5 years old but at least 4', 'Unanswered']
Length: 2, dtype: str",24687,0.11373352989956693,22843,1844,0.07469518369992303,-0.10892782960028269,0.001414729397810078,0.00017675379870067936,-0.6466616127320952,-3.8558106323167554
business_age,3,"<ArrowStringArray>
['New, Less than 1 Year old', 'Less than 3 years old but at least 2']
Length: 2, dtype: str",36286,0.16717036764028378,33334,2952,0.08135369012842418,-0.201540438757855,0.007411140065680249,0.0009248278222232491,-0.6466616127320952,-2.1277788123277404
business_age,4,"<ArrowStringArray>
['Startup, Loan Funds will Open Business', 'Existing or more than 2 years old']
Length: 2, dtype: str",31747,0.14625909886667282,28909,2838,0.08939427347465902,-0.30458204255469035,0.015489333052383385,0.0019287170665053272,-0.6466616127320952,-0.2051554053931568
business_age,5,Special,0,0.0,0,0,0.0,0.0,0.0,0.0,-0.6466616127320952,-5.888263419726857
business_age,6,Missing,264,0.0012162535704413526,199,65,0.24621212121212122,-1.5067178743107579,0.005202371525712653,0.000595015740620934,-0.6466616127320952,-5.888263419726857
collateral_ind,0,"<ArrowStringArray>
['Y']
Length: 1, dtype: str",157695,0.7265041923892012,147971,9724,0.06166333745521418,0.09678382302476418,0.0065269423538226795,0.000815549513205286,-0.6203441317420734,-7.620630753673863
collateral_ind,1,"<ArrowStringArray>
['N']
Length: 1, dtype: str",59365,0.27349580761079884,54436,4929,0.08302872062663186,-0.2237458571647828,0.015089053789986253,0.0018822072154848664,-0.6203441317420734,-1.8833584475491811
collateral_ind,2,Special,0,0.0,0,0,0.0,0.0,0.0,0.0,-0.6203441317420734,-5.888263419726857
collateral_ind,3,Missing,0,0.0,0,0,0.0,0.0,0.0,0.0,-0.6203441317420734,-5.888263419726857
rate_type,0,"<ArrowStringArray>
['F']
Length: 1, dtype: str",48016,0.22121072514512116,45610,2406,0.05010829723425525,0.3165259440315089,0.01935226923940507,0.002408985648030668,-0.7983854391931661,-13.179924178917457
rate_type,1,"<ArrowStringArray>
['V']
Length: 1, dtype: str",169044,0.7787892748548788,156797,12247,0.07244859326565864,-0.07596446309854876,0.004644436799669169,0.0005804150507147735,-0.7983854391931661,-4.138305461735486
rate_type,2,Special,0,0.0,0,0,0.0,0.0,0.0,0.0,-0.7983854391931661,-5.888263419726857
rate_type,3,Missing,0,0.0,0,0,0.0,0.0,0.0,0.0,-0.7983854391931661,-5.888263419726857
processing_method,0,"<ArrowStringArray>
[                  'Dealer Floor Plan Loans',
               'Preferred Lenders with EWCP',
                          'Builders CAPLine',
                              '7a with EWCP',
                          'Contract CAPLine',
 'Small Asset Base Line of Credit (CAPLine)',
                          'Seasonal CAPLine',
                   'Working Capital CAPLine',
                 'Preferred Lenders Program',
                 'Certified Lenders Program']
Length: 10, dtype: str",59042,0.2720077397954483,55666,3376,0.05717963483621828,0.177042541755704,0.007900280323057842,0.000986247334955722,-0.7077256701451218,-9.50358654365653
processing_method,1,"<ArrowStringArray>
['SBA Express Program']
Length: 1, dtype: str",112090,0.5164009951165577,105005,7085,0.06320813631902936,0.0703926657891345,0.0024822376875619527,0.0003102156653337091,-0.7077256701451218,-7.325727149397422
processing_method,2,"<ArrowStringArray>
[               '7a General',     'Rural Loan Initiative',
 'International Trade Loans',            'Export Express']
Length: 4, dtype: str",20492,0.09440707638440984,18831,1661,0.08105602186219012,-0.1975508117672664,0.004014293125309835,0.0005009722758748131,-0.7077256701451218,-1.8541481678186766
processing_method,3,"<ArrowStringArray>
[    'Small Loan Advantage Initiative', 'Gulf Opportunity Pilot Loan Program',
               'Patriot Express Loans',      'Community Advantage Initiative',
                   'Community Express']
Length: 5, dtype: str",25436,0.11718418870358427,22905,2531,0.0995046390941972,-0.4228946833638947,0.02519016655653229,0.0031255150623196518,-0.7077256701451218,2.747519328252965
processing_method,4,Special,0,0.0,0,0,0.0,0.0,0.0,0.0,-0.7077256701451218,-5.888263419726857
processing_method,5,Missing,0,0.0,0,0,0.0,0.0,0.0,0.0,-0.7077256701451218,-5.888263419726857
borrower_state,0,"<ArrowStringArray>
['FM', 'MP', 'ND', 'ID', 'MT', 'VI', 'WA', 'OR', 'MA']
Length: 9, dtype: str",21052,0.09698700820049756,20109,943,0.04479384381531446,0.4342210432529967,0.015195091545781508,0.001884603822693288,-0.7829981948038045,-15.698425028932666
borrower_state,1,"<ArrowStringArray>
['NH', 'MN', 'MI']
Length: 3, dtype: str",17226,0.07936054547129825,16345,881,0.05114362010913735,0.29498426408251843,0.006085209546376353,0.0007579052778226856,-0.7829981948038045,-12.552710819932809
borrower_state,2,"<ArrowStringArray>
['ME', 'CO', 'UT', 'SD', 'WI', 'VT']
Length: 6, dtype: str",19850,0.09144936883810928,18767,1083,0.05455919395465995,0.22672961115066892,0.00426463565002025,0.0005319405642258915,-0.7829981948038045,-11.010664007034421
borrower_state,3,"<ArrowStringArray>
['DE', 'NM', 'RI', 'HI', 'AK', 'CA', 'CT']
Length: 7, dtype: str",34349,0.1582465677692804,32274,2075,0.06040932778246819,0.11866536969688557,0.0021172014612479027,0.00026449501425052004,-0.7829981948038045,-8.569216985269115
borrower_state,4,"<ArrowStringArray>
['OH']
Length: 1, dtype: str",12964,0.059725421542430664,12139,825,0.06363776612156742,0.06315987342350926,0.0002318446492176621,2.8975765093899354e-05,-0.7829981948038045,-7.315206160363673
borrower_state,5,"<ArrowStringArray>
['AZ', 'GU', 'PA']
Length: 3, dtype: str",11356,0.05231733161337879,10595,761,0.06701303275801339,0.007868683701100387,3.2282864779125243e-06,4.0353476868409044e-07,-0.7829981948038045,-6.0660370674092015
borrower_state,6,"<ArrowStringArray>
['MD', 'NV', 'IN', 'WV', 'GA', 'NE']
Length: 6, dtype: str",17374,0.08004238459412144,16161,1213,0.06981696788304363,-0.03613112673501995,0.0001061390288819291,1.3266656990273441e-05,-0.7829981948038045,-5.071969050992813
borrower_state,7,"<ArrowStringArray>
['WY', 'NY', 'SC', 'DC']
Length: 4, dtype: str",15739,0.07250990509536534,14608,1131,0.07185971154457081,-0.06716830242098393,0.00033679142468830267,4.209101600756806e-05,-0.7829981948038045,-4.3707600375106725
borrower_state,8,"<ArrowStringArray>
['KS', 'NC', 'TN', 'KY', 'NJ']
Length: 5, dtype: str",14742,0.06791670505850916,13607,1135,0.07699091032424366,-0.1416837138642575,0.0014497934861632368,0.00018107275674671174,-0.7829981948038045,-2.6872667107972106
borrower_state,9,"<ArrowStringArray>
['MO', 'OK', 'IA', 'VA']
Length: 4, dtype: str",11065,0.05097668847323321,10153,912,0.0824220515137822,-0.21575091191272167,0.0026059486240841436,0.00032511325892798206,-0.7829981948038045,-1.0138996686266406
borrower_state,10,"<ArrowStringArray>
['IL', 'AR', 'TX', 'LA', 'MS', 'AL']
Length: 6, dtype: str",30239,0.1393117110476366,27603,2636,0.08717219484771321,-0.2769735833115399,0.012054211649750214,0.0015019785462914315,-0.7829981948038045,0.36927673404201045
borrower_state,11,"<ArrowStringArray>
['PR', 'FL']
Length: 2, dtype: str",11104,0.05115636229613932,10046,1058,0.09528097982708934,-0.3748412172478681,0.008460531180489967,0.0010514181378579249,-0.7829981948038045,2.580356367662114
borrower_state,12,Special,0,0.0,0,0,0.0,0.0,0.0,0.0,-0.7829981948038045,-5.888263419726857
borrower_state,13,Missing,0,0.0,0,0,0.0,0.0,0.0,0.0,-0.7829981948038045,-5.888263419726857
